accession,normalization,neighbors,0,1,cluster,protein
>MH499091,l2,-1,0.29617676,0.9551332,48,H13
>GQ907294,l2,-1,0.31961507,0.94754744,45,H16
>GQ907302,l2,-1,0.25981557,0.96565825,48,H13
>MH498778,l2,-1,0.36610615,0.9305731,45,H13
>MH499127,l2,-1,0.29514417,0.95545274,48,H13
>MH498752,l2,-1,0.29330793,0.95601803,48,H13
>MH499144,l2,-1,0.2946756,0.9555974,48,H13
>MH499019,l2,-1,0.29499546,0.9554987,48,H13
>MH498871,l2,-1,0.30183694,0.9533596,48,H13
>MH499102,l2,-1,0.29091325,0.9567495,48,H13
>MH499225,l2,-1,0.29067194,0.95682275,48,H13
>MF682848,l2,-1,0.31244668,0.9499353,45,H13
>CY138145,l2,-1,0.34243682,0.9395408,45,H16
>MF146968,l2,-1,0.3087767,0.95113456,48,H13
>MF682898,l2,-1,0.40539795,0.91414034,43,H16
>KX979507,l2,-1,0.308799,0.9511273,48,H13
>KX977814,l2,-1,0.2794914,0.96014816,48,H13
>KX978434,l2,-1,0.45226383,0.8918842,43,H16
>MF146992,l2,-1,0.31102762,0.9504009,48,H13
>KX979327,l2,-1,0.29289475,0.95614475,45,H13
>MF682741,l2,-1,0.43757558,0.8991816,43,H16
>MF682695,l2,-1,0.3073412,0.9515993,48,H13
>KX978155,l2,-1,0.28362498,0.9589352,48,H13
>MF147689,l2,-1,0.30981445,0.950797,48,H13
>KX977721,l2,-1,0.31670523,0.94852406,48,H13
>KX979051,l2,-1,0.29683334,0.95492935,48,H13
>MF694241,l2,-1,0.32149822,0.94691014,48,H13
>MF147121,l2,-1,0.43117517,0.90226823,43,H16
>KX978985,l2,-1,0.30479074,0.95241934,48,H13
>KX978252,l2,-1,0.4349351,0.9004618,43,H16
>MF145970,l2,-1,0.3083773,0.9512642,48,H13
>KX977943,l2,-1,0.30475053,0.9524322,48,H13
>MF147266,l2,-1,0.30443794,0.9525321,48,H13
>KX979504,l2,-1,0.30443794,0.9525321,48,H13
>KX979468,l2,-1,0.31496033,0.9491049,48,H13
>KX978718,l2,-1,0.30207297,0.95328474,48,H13
>MF146166,l2,-1,0.30034792,0.9538297,48,H13
>KX978793,l2,-1,0.30034792,0.9538297,48,H13
>MF147313,l2,-1,0.29026443,0.9569465,48,H13
>KX979019,l2,-1,0.30774716,0.95146817,48,H13
>KX977650,l2,-1,0.34116918,0.9400019,45,H16
>MF147513,l2,-1,0.45866475,0.8886094,43,H16
>MF148049,l2,-1,0.31043962,0.9505932,48,H13
>KX977664,l2,-1,0.29683334,0.95492935,48,H13
>MF694057,l2,-1,0.31469533,0.94919276,48,H13
>KX978037,l2,-1,0.30034792,0.9538297,48,H13
>MF145899,l2,-1,0.30034792,0.9538297,48,H13
>KX978433,l2,-1,0.30034792,0.9538297,48,H13
>KX979591,l2,-1,0.30034792,0.9538297,48,H13
>KX978183,l2,-1,0.3040129,0.95266795,48,H13
>KX978539,l2,-1,0.302067,0.95328665,48,H13
>MF147977,l2,-1,0.31102762,0.9504009,48,H13
>MF147208,l2,-1,0.31102762,0.9504009,48,H13
>MF146078,l2,-1,0.29026443,0.9569465,48,H13
>MF147927,l2,-1,0.34252867,0.93950737,45,H16
>KX978913,l2,-1,0.30881274,0.9511229,45,H13
>MF147771,l2,-1,0.31102762,0.9504009,48,H13
>KX978308,l2,-1,0.31102762,0.9504009,48,H13
>MF146479,l2,-1,0.3227356,0.9464891,48,H13
>MF146534,l2,-1,0.31255457,0.9498998,48,H13
>MF147740,l2,-1,0.31102762,0.9504009,48,H13
>MF146435,l2,-1,0.30702427,0.95170164,48,H13
>KX979088,l2,-1,0.31102762,0.9504009,48,H13
>MF147719,l2,-1,0.31102762,0.9504009,48,H13
>MF147553,l2,-1,0.3124784,0.94992495,48,H13
>MF146833,l2,-1,0.31102762,0.9504009,48,H13
>MF148122,l2,-1,0.29271418,0.9562,48,H13
>MF145916,l2,-1,0.30618724,0.9519713,48,H13
>KX979541,l2,-1,0.30981925,0.9507955,45,H13
>KX978398,l2,-1,0.45137155,0.89233613,43,H16
>MF146523,l2,-1,0.31102762,0.9504009,48,H13
>MF147007,l2,-1,0.306078,0.9520064,48,H13
>MF145735,l2,-1,0.31102762,0.9504009,48,H13
>MF147558,l2,-1,0.30479074,0.95241934,48,H13
>KX977630,l2,-1,0.30479074,0.95241934,48,H13
>MF146431,l2,-1,0.31102762,0.9504009,48,H13
>MF146500,l2,-1,0.30479074,0.95241934,48,H13
>MF147405,l2,-1,0.31102762,0.9504009,48,H13
>MF146583,l2,-1,0.30479074,0.95241934,48,H13
>MF145859,l2,-1,0.29026443,0.9569465,48,H13
>KX978997,l2,-1,0.33775848,0.94123286,45,H16
>KX977766,l2,-1,0.33047196,0.94381577,45,H16
>MF147101,l2,-1,0.31102762,0.9504009,48,H13
>MF147981,l2,-1,0.30460268,0.95247954,48,H13
>MF146410,l2,-1,0.33786434,0.94119483,45,H16
>MF147814,l2,-1,0.31102762,0.9504009,48,H13
>KX978686,l2,-1,0.30310115,0.9529584,48,H13
>KX978083,l2,-1,0.44249117,0.89677286,43,H16
>MF575214,l2,-1,0.45439452,0.8908005,43,H16
>MF145897,l2,-1,0.31102762,0.9504009,48,H13
>MF146531,l2,-1,0.2961187,0.95515114,48,H13
>MF146229,l2,-1,0.29026443,0.9569465,48,H13
>KX978076,l2,-1,0.30891454,0.9510898,45,H13
>MF147189,l2,-1,0.3205993,0.9472149,48,H13
>KX979090,l2,-1,0.30460268,0.95247954,48,H13
>KX978980,l2,-1,0.311722,0.95017326,45,H13
>MF147647,l2,-1,0.31102782,0.9504008,48,H13
>MF146608,l2,-1,0.3380009,0.9411458,45,H16
>MF146148,l2,-1,0.3358383,0.9419196,45,H16
>MF148130,l2,-1,0.31102762,0.9504009,48,H13
>KX979063,l2,-1,0.29289475,0.95614475,45,H13
>MF147797,l2,-1,0.3090964,0.95103073,48,H13
>MF146087,l2,-1,0.26995993,0.96287155,48,H13
>KX977772,l2,-1,0.306917,0.9517363,48,H13
>MF694026,l2,-1,0.32929203,0.94422823,48,H13
>MF682696,l2,-1,0.31190702,0.9501126,48,H13
>MF146063,l2,-1,0.31419972,0.9493569,48,H13
>MF959992,l2,-1,0.43757558,0.8991816,43,H16
>MF147878,l2,-1,0.31223714,0.95000416,48,H13
>KX978709,l2,-1,0.3248167,0.94577694,45,H16
>MF575026,l2,-1,0.45439452,0.8908005,43,H16
>MF145799,l2,-1,0.30631542,0.9519301,48,H13
>MF146268,l2,-1,0.33502606,0.9422089,45,H16
>KX977887,l2,-1,0.31102762,0.9504009,48,H13
>KX978812,l2,-1,0.3108849,0.95044756,48,H13
>MF147255,l2,-1,0.2896832,0.95712256,48,H13
>MF103719,l2,-1,0.43206763,0.9018412,43,H16
>MF147679,l2,-1,0.31102762,0.9504009,48,H13
>MF147919,l2,-1,0.3108849,0.95044756,48,H13
>MF147715,l2,-1,0.43757558,0.8991816,43,H16
>KX977702,l2,-1,0.31102762,0.9504009,48,H13
>KX978026,l2,-1,0.3108849,0.95044756,48,H13
>MF147314,l2,-1,0.4190932,0.90794325,43,H16
>MF146397,l2,-1,0.3390269,0.9407767,45,H16
>MF147342,l2,-1,0.30831745,0.9512835,48,H13
>KX978072,l2,-1,0.29683334,0.95492935,48,H13
>MF146654,l2,-1,0.4191186,0.9079315,43,H16
>KX978876,l2,-1,0.30652738,0.95186186,45,H13
>MF146675,l2,-1,0.45747614,0.8892219,43,H16
>MF146953,l2,-1,0.30831745,0.9512835,48,H13
>MF146238,l2,-1,0.41570377,0.90950006,43,H16
>KX977785,l2,-1,0.4431494,0.8964478,43,H16
>MF146920,l2,-1,0.45038676,0.8928335,43,H16
>MF147705,l2,-1,0.30479074,0.95241934,48,H13
>KX979165,l2,-1,0.2972024,0.95481455,48,H13
>MF146193,l2,-1,0.41808856,0.90840626,43,H16
>KX979544,l2,-1,0.30891454,0.9510898,45,H13
>KX979432,l2,-1,0.45038676,0.8928335,43,H16
>MF146506,l2,-1,0.3083332,0.9512785,48,H13
>KX978504,l2,-1,0.3047458,0.9524337,48,H13
>MF682763,l2,-1,0.39547715,0.9184758,43,H16
>MF146414,l2,-1,0.30618724,0.9519713,48,H13
>KX978612,l2,-1,0.3369728,0.94151443,45,H16
>MF146473,l2,-1,0.30831745,0.9512835,48,H13
>KX977620,l2,-1,0.29683334,0.95492935,48,H13
>MF694124,l2,-1,0.40104243,0.91605955,43,H16
>MF146174,l2,-1,0.28803375,0.95762026,48,H13
>MF145738,l2,-1,0.45439452,0.8908005,43,H16
>MF146800,l2,-1,0.31102762,0.9504009,48,H13
>MF682757,l2,-1,0.30441123,0.9525407,48,H13
>KX979380,l2,-1,0.30679855,0.9517745,45,H13
>MF147961,l2,-1,0.45439452,0.8908005,43,H16
>MF147302,l2,-1,0.30479074,0.95241934,48,H13
>MF575089,l2,-1,0.3047458,0.9524337,48,H13
>MF682685,l2,-1,0.4190932,0.90794325,43,H16
>MF682661,l2,-1,0.28803375,0.95762026,48,H13
>KX979111,l2,-1,0.33712617,0.94145954,45,H16
>MF146858,l2,-1,0.30479074,0.95241934,48,H13
>KX978441,l2,-1,0.3047458,0.9524337,48,H13
>MF148040,l2,-1,0.4178421,0.9085196,43,H16
>KX978020,l2,-1,0.30937454,0.9509403,48,H13
>MF146352,l2,-1,0.45439452,0.8908005,43,H16
>KX979200,l2,-1,0.31102762,0.9504009,48,H13
>MF575196,l2,-1,0.3082351,0.9513102,48,H13
>MF682843,l2,-1,0.2944541,0.95566565,48,H13
>MF682838,l2,-1,0.41316584,0.91065586,43,H16
>MF682844,l2,-1,0.30411237,0.9526362,45,H13
>MF147682,l2,-1,0.45439452,0.8908005,43,H16
>MF146167,l2,-1,0.30479074,0.95241934,48,H13
>MF575309,l2,-1,0.30137765,0.9535048,48,H13
>KX979094,l2,-1,0.43757558,0.8991816,43,H16
>MF147197,l2,-1,0.30479074,0.95241934,48,H13
>KX978735,l2,-1,0.29980224,0.95400137,48,H13
>MF147982,l2,-1,0.41817057,0.9083685,43,H16
>MF147594,l2,-1,0.308799,0.9511273,48,H13
>MF147122,l2,-1,0.31102762,0.9504009,48,H13
>MF575190,l2,-1,0.4433744,0.8963365,43,H16
>MF146360,l2,-1,0.29026443,0.9569465,48,H13
>KX978043,l2,-1,0.31072846,0.9504987,48,H13
>MF146714,l2,-1,0.31977025,0.94749504,45,H16
>MF147911,l2,-1,0.31102762,0.9504009,48,H13
>MF148148,l2,-1,0.3108849,0.95044756,48,H13
>MF148103,l2,-1,0.30037755,0.95382035,48,H13
>MF147940,l2,-1,0.31102762,0.9504009,48,H13
>MF148072,l2,-1,0.29026443,0.9569465,48,H13
>MF147735,l2,-1,0.30150306,0.95346516,48,H13
>MF146672,l2,-1,0.30648142,0.9518767,48,H13
>KX978929,l2,-1,0.29289475,0.95614475,45,H13
>MF146970,l2,-1,0.29026443,0.9569465,48,H13
>MF959989,l2,-1,0.30618724,0.9519713,48,H13
>KX977869,l2,-1,0.27405626,0.9617136,48,H13
>MF146383,l2,-1,0.30831745,0.9512835,48,H13
>MF693939,l2,-1,0.40539795,0.91414034,43,H16
>MF146828,l2,-1,0.41817057,0.9083685,43,H16
>MF147673,l2,-1,0.30648142,0.9518767,48,H13
>MF146643,l2,-1,0.41817057,0.9083685,43,H16
>MF145921,l2,-1,0.30648142,0.9518767,48,H13
>MF145764,l2,-1,0.41817057,0.9083685,43,H16
>KX978470,l2,-1,0.30648142,0.9518767,48,H13
>MF147698,l2,-1,0.30648142,0.9518767,48,H13
>MF146202,l2,-1,0.2933847,0.9559944,48,H13
>MF146594,l2,-1,0.30648142,0.9518767,48,H13
>MF146076,l2,-1,0.41817057,0.9083685,43,H16
>MF146496,l2,-1,0.30648142,0.9518767,48,H13
>MF146816,l2,-1,0.4123271,0.9110359,43,H16
>MF145843,l2,-1,0.30648142,0.9518767,48,H13
>MF146537,l2,-1,0.41817057,0.9083685,43,H16
>KX978071,l2,-1,0.30648142,0.9518767,48,H13
>MF147537,l2,-1,0.30648142,0.9518767,48,H13
>MF146211,l2,-1,0.30648142,0.9518767,48,H13
>MF682767,l2,-1,0.40539795,0.91414034,43,H16
>MF145989,l2,-1,0.29026443,0.9569465,48,H13
>MF146421,l2,-1,0.30618724,0.9519713,48,H13
>MF145955,l2,-1,0.2740026,0.9617289,48,H13
>MF146395,l2,-1,0.31102762,0.9504009,48,H13
>KX978369,l2,-1,0.3015394,0.9534537,48,H13
>MF693921,l2,-1,0.40104243,0.91605955,43,H16
>MK192316,l2,-1,0.39422718,0.919013,43,H16
>MF145888,l2,-1,0.4181848,0.908362,43,H16
>MF146634,l2,-1,0.31199366,0.95008415,48,H13
>MF148145,l2,-1,0.31199366,0.95008415,48,H13
>KX977670,l2,-1,0.31199366,0.95008415,48,H13
>MF146769,l2,-1,0.4182281,0.9083421,43,H16
>MF147610,l2,-1,0.31199366,0.95008415,48,H13
>MF147728,l2,-1,0.41817057,0.9083685,43,H16
>MF145811,l2,-1,0.31199366,0.95008415,48,H13
>MF147656,l2,-1,0.302067,0.95328665,48,H13
>MF146014,l2,-1,0.41817057,0.9083685,43,H16
>MF147422,l2,-1,0.302067,0.95328665,48,H13
>MF146085,l2,-1,0.4181848,0.908362,43,H16
>MF147944,l2,-1,0.302067,0.95328665,48,H13
>MF575228,l2,-1,0.29444927,0.95566714,48,H13
>MF575118,l2,-1,0.41817057,0.9083685,43,H16
>MF146043,l2,-1,0.302067,0.95328665,48,H13
>MF147239,l2,-1,0.41894364,0.9080122,43,H16
>MF147717,l2,-1,0.302067,0.95328665,48,H13
>MF575207,l2,-1,0.29885003,0.9543001,45,H13
>MF146566,l2,-1,0.29026443,0.9569465,48,H13
>MF147945,l2,-1,0.31400844,0.94942015,48,H13
>KX979279,l2,-1,0.28385797,0.9588663,48,H13
>MF146111,l2,-1,0.45038676,0.8928335,43,H16
>MF146975,l2,-1,0.31102762,0.9504009,48,H13
>MF146245,l2,-1,0.30562228,0.9521528,48,H13
>MF694199,l2,-1,0.3273428,0.9449057,48,H13
>MF146436,l2,-1,0.4181848,0.908362,43,H16
>MF147750,l2,-1,0.302067,0.95328665,48,H13
>MF682709,l2,-1,0.41894364,0.9080122,43,H16
>MF147841,l2,-1,0.31199366,0.95008415,48,H13
>MF147547,l2,-1,0.41772506,0.90857345,43,H16
>MF146710,l2,-1,0.302067,0.95328665,48,H13
>KX979453,l2,-1,0.41811985,0.90839183,43,H16
>MF146214,l2,-1,0.31199366,0.95008415,48,H13
>MF147491,l2,-1,0.30202568,0.9532998,48,H13
>MF147469,l2,-1,0.30648142,0.9518767,48,H13
>MF682781,l2,-1,0.29349884,0.95595944,48,H13
>KX977811,l2,-1,0.30648142,0.9518767,48,H13
>MF146391,l2,-1,0.29349884,0.95595944,48,H13
>MF146872,l2,-1,0.31199366,0.95008415,48,H13
>MF146670,l2,-1,0.30015883,0.95388925,48,H13
>MF145901,l2,-1,0.31199366,0.95008415,48,H13
>MF145978,l2,-1,0.29412302,0.9557676,48,H13
>MF146441,l2,-1,0.31199366,0.95008415,48,H13
>MF145725,l2,-1,0.42101073,0.9070557,43,H16
>KX978831,l2,-1,0.31199366,0.95008415,48,H13
>KR087564,l2,-1,0.3021783,0.9532514,45,H13
>MF147289,l2,-1,0.31221655,0.9500109,45,H13
>MF682666,l2,-1,0.2881007,0.9576001,48,H13
>MF575109,l2,-1,0.45038676,0.8928335,43,H16
>MF145876,l2,-1,0.31102762,0.9504009,48,H13
>KX977868,l2,-1,0.30681607,0.95176876,48,H13
>MF147493,l2,-1,0.29683334,0.95492935,48,H13
>MF694207,l2,-1,0.3273428,0.9449057,48,H13
>MF146424,l2,-1,0.29349884,0.95595944,48,H13
>MF146204,l2,-1,0.30648142,0.9518767,48,H13
>MF145709,l2,-1,0.302067,0.95328665,48,H13
>KX978101,l2,-1,0.302067,0.95328665,48,H13
>MF682721,l2,-1,0.28608507,0.9582042,48,H13
>MF682880,l2,-1,0.2947534,0.9555734,48,H13
>MF147965,l2,-1,0.302067,0.95328665,48,H13
>MF146501,l2,-1,0.29349884,0.95595944,48,H13
>MF148047,l2,-1,0.31199366,0.95008415,48,H13
>MF147192,l2,-1,0.4192342,0.9078781,43,H16
>MF147095,l2,-1,0.30126655,0.95354,48,H13
>MF146737,l2,-1,0.4192342,0.9078781,43,H16
>KX978834,l2,-1,0.30648142,0.9518767,48,H13
>MF146931,l2,-1,0.4181848,0.908362,43,H16
>MF146562,l2,-1,0.302067,0.95328665,48,H13
>MF146836,l2,-1,0.41817057,0.9083685,43,H16
>MF146693,l2,-1,0.302067,0.95328665,48,H13
>MF147849,l2,-1,0.4181848,0.908362,43,H16
>MF147375,l2,-1,0.30631748,0.95192945,48,H13
>MF575016,l2,-1,0.29026443,0.9569465,48,H13
>MF147869,l2,-1,0.3104207,0.95059925,45,H13
>KX979026,l2,-1,0.2788781,0.96032655,48,H13
>MF146964,l2,-1,0.30831745,0.9512835,48,H13
>MF147858,l2,-1,0.3073412,0.9515993,48,H13
>KX978275,l2,-1,0.3108849,0.95044756,48,H13
>MF693954,l2,-1,0.32149822,0.94691014,48,H13
>MF146060,l2,-1,0.4181848,0.908362,43,H16
>MF147078,l2,-1,0.30077708,0.9536945,48,H13
>KX977730,l2,-1,0.4220677,0.9065643,43,H16
>KX977728,l2,-1,0.3004983,0.9537824,48,H13
>MF146767,l2,-1,0.41817057,0.9083685,43,H16
>KX979079,l2,-1,0.30479074,0.95241934,48,H13
>KX979576,l2,-1,0.29517314,0.95544374,48,H13
>KX977618,l2,-1,0.30400434,0.9526707,48,H13
>MF147070,l2,-1,0.41817057,0.9083685,43,H16
>MF146502,l2,-1,0.30739602,0.9515816,48,H13
>MF146577,l2,-1,0.41817057,0.9083685,43,H16
>KX979040,l2,-1,0.302067,0.95328665,48,H13
>MF145996,l2,-1,0.30389208,0.95270646,48,H13
>KX979045,l2,-1,0.29663476,0.954991,48,H13
>MF147363,l2,-1,0.29854524,0.95439553,48,H13
>KX978218,l2,-1,0.30249208,0.9531518,48,H13
>MF148111,l2,-1,0.4181848,0.908362,43,H16
>MF146309,l2,-1,0.3040129,0.95266795,48,H13
>KX978340,l2,-1,0.29026443,0.9569465,48,H13
>KX978293,l2,-1,0.3089133,0.95109016,48,H13
>KX978651,l2,-1,0.3344845,0.9424013,45,H16
>MF575308,l2,-1,0.31102762,0.9504009,48,H13
>MF146285,l2,-1,0.3073412,0.9515993,48,H13
>MF694046,l2,-1,0.32149822,0.94691014,48,H13
>MF682647,l2,-1,0.30441123,0.9525407,48,H13
>MF147768,l2,-1,0.3016167,0.9534293,48,H13
>MF147657,l2,-1,0.4181848,0.908362,43,H16
>MF147484,l2,-1,0.3040129,0.95266795,48,H13
>KX978323,l2,-1,0.4220909,0.9065535,43,H16
>KX978027,l2,-1,0.3040129,0.95266795,48,H13
>MF682816,l2,-1,0.3004983,0.9537824,48,H13
>MF146344,l2,-1,0.3004983,0.9537824,48,H13
>MF147573,l2,-1,0.3040129,0.95266795,48,H13
>MF147559,l2,-1,0.3040129,0.95266795,48,H13
>KX979456,l2,-1,0.43931973,0.89833075,43,H16
>KX978937,l2,-1,0.3040129,0.95266795,48,H13
>KX978955,l2,-1,0.43931973,0.89833075,43,H16
>KX978911,l2,-1,0.30436113,0.95255667,48,H13
>CY185513,l2,-1,0.3110385,0.9503973,48,H13
>CY185569,l2,-1,0.30091345,0.95365155,45,H13
>CY185529,l2,-1,0.30450577,0.9525105,48,H13
>CY185537,l2,-1,0.3110385,0.9503973,48,H13
>CY185585,l2,-1,0.32688278,0.94506484,45,H16
>CY185553,l2,-1,0.3110385,0.9503973,48,H13
>CY185489,l2,-1,0.30776957,0.95146096,45,H13
>CY185657,l2,-1,0.3002026,0.9538754,48,H13
>CY077000,l2,-1,0.26837662,0.9633141,48,H13
>CY184471,l2,-1,0.28683978,0.9579786,48,H13
>CY184488,l2,-1,0.28707895,0.95790696,48,H13
>MF461180,l2,-1,0.305235,0.952277,45,H13
>MF461188,l2,-1,0.31736523,0.94830334,48,H13
>MH201562,l2,-1,0.31056184,0.9505532,45,H13
>MH201570,l2,-1,0.3193021,0.94765306,48,H13
>MH498730,l2,-1,0.29572815,0.95527214,48,H13
>MH499037,l2,-1,0.36281037,0.93186307,45,H13
>MH498904,l2,-1,0.31819397,0.94802564,45,H16
>CY177441,l2,-1,0.34259808,0.9394821,45,H16
>MH158642,l2,-1,0.31876358,0.94783425,45,H16
>MH894208,l2,-1,0.31424633,0.9493414,48,H13
>LC339627,l2,-1,0.30347714,0.9528387,45,H13
>AB937721,l2,-1,0.34397575,0.93897855,45,H16
>LC339707,l2,-1,0.4066673,0.9135763,45,H16
>CY195637,l2,-1,0.31028268,0.9506443,45,mixed
>AB284988,l2,-1,0.30107185,0.9536015,45,H13
>AB285094,l2,-1,0.30772778,0.9514744,45,H13
>MK627644,l2,-1,0.33686146,0.9415543,45,H16
>MK696134,l2,-1,0.34610188,0.93819696,45,H13
>MH499011,l2,-1,0.29287615,0.95615035,48,H13
>MH499177,l2,-1,0.2946756,0.9555974,48,H13
>CY176997,l2,-1,0.3375801,0.9412969,45,H16
>MH134833,l2,-1,0.31876358,0.94783425,45,H16
>MH499208,l2,-1,0.29091325,0.9567495,48,H13
>MH498711,l2,-1,0.29638755,0.95506775,48,H13
>MH488120,l2,-1,0.30537236,0.9522331,48,H13
>MH499005,l2,-1,0.28823206,0.95756066,48,H13
>MH498759,l2,-1,0.2939642,0.9558165,48,H13
>MH499032,l2,-1,0.30101445,0.9536196,48,H13
>MH498707,l2,-1,0.29572815,0.95527214,48,H13
>MH498866,l2,-1,0.29560614,0.9553099,48,H13
>MH499141,l2,-1,0.29836887,0.9544506,48,H13
>MH498664,l2,-1,0.28788576,0.95766485,48,H13
>MH498977,l2,-1,0.29091325,0.9567495,48,H13
>MH498985,l2,-1,0.28788576,0.95766485,48,H13
>MH499049,l2,-1,0.28732777,0.9578323,48,H13
>MH498694,l2,-1,0.28376955,0.95889246,48,H13
>MH498660,l2,-1,0.2946756,0.9555974,48,H13
>MH498719,l2,-1,0.2903111,0.95693237,48,H13
>MH499238,l2,-1,0.37179604,0.92831445,45,H13
>MH498845,l2,-1,0.3102325,0.95066077,48,H13
>MH499112,l2,-1,0.30169746,0.9534037,48,H13
>MH498641,l2,-1,0.29836887,0.9544506,48,H13
>MH499194,l2,-1,0.29560614,0.9553099,48,H13
>MH498654,l2,-1,0.36277395,0.93187726,48,H13
>MH499085,l2,-1,0.28788576,0.95766485,48,H13
>MH134652,l2,-1,0.31271276,0.94984776,45,H16
>MH596987,l2,-1,0.34119266,0.93999344,45,H13
>CY240828,l2,-1,0.32192102,0.9467666,45,H16
>CY240896,l2,-1,0.3217273,0.9468323,45,mixed
>CY240948,l2,-1,0.3188089,0.94781905,45,H16
>CY241634,l2,-1,0.32174763,0.9468255,45,H16
>MH346972,l2,-1,0.2984455,0.95442665,48,H13
>KR010435,l2,-1,0.3053835,0.95222944,45,H13
>KX979488,l2,-1,0.339432,0.9406306,45,H16
>MF147061,l2,-1,0.34189144,0.9397395,45,H16
>MF693968,l2,-1,0.34867534,0.9372436,45,H16
>MF147450,l2,-1,0.32583466,0.94542676,45,H16
>MH134702,l2,-1,0.31876358,0.94783425,45,H16
>MH134685,l2,-1,0.31902307,0.947747,45,H16
>MH498978,l2,-1,0.292237,0.9563459,48,H13
>MH499057,l2,-1,0.292237,0.9563459,48,H13
>MH498647,l2,-1,0.2946756,0.9555974,48,H13
>MH498793,l2,-1,0.30580643,0.95209366,48,H13
>MH498930,l2,-1,0.29392752,0.9558277,48,H13
>MH499107,l2,-1,0.2865743,0.95805806,48,H13
>MH499041,l2,-1,0.2937031,0.9558966,48,H13
>MH499155,l2,-1,0.30774593,0.9514685,48,H13
>MH499132,l2,-1,0.30415657,0.9526221,48,H13
>MH499078,l2,-1,0.29006317,0.95700747,48,H13
>MH499160,l2,-1,0.29182538,0.9564716,48,H13
>CY149340,l2,-1,0.35865688,0.9334695,45,H16
>MN210139,l2,-1,0.2945423,0.95563847,45,H13
>KY131017,l2,-1,0.2572823,0.96633625,48,H13
>KY131040,l2,-1,0.25357407,0.967316,48,H13
>KY131056,l2,-1,0.25763002,0.9662436,48,H13
>KY131072,l2,-1,0.25085595,0.96802443,48,H13
>KY131080,l2,-1,0.2516067,0.9678296,48,H13
>KY131088,l2,-1,0.34861124,0.9372674,45,H16
>KY131112,l2,-1,0.25273687,0.9675351,48,H13
>KY131120,l2,-1,0.25273687,0.9675351,48,H13
>KY131128,l2,-1,0.25273687,0.9675351,48,H13
>KY131136,l2,-1,0.25290948,0.96748996,48,H13
>KY131144,l2,-1,0.2525911,0.9675731,48,H13
>KT338609,l2,-1,0.3362435,0.941775,45,H16
>KY131286,l2,-1,0.32987374,0.9440251,48,H13
>CY196009,l2,-1,0.35301012,0.93561953,45,H16
>CY196403,l2,-1,0.3399195,0.9404546,45,H16
>CY196411,l2,-1,0.348512,0.9373043,45,H16
>CY196419,l2,-1,0.348512,0.9373043,45,H16
>CY196427,l2,-1,0.348512,0.9373043,45,H16
>CY196435,l2,-1,0.348512,0.9373043,45,H16
>CY196443,l2,-1,0.348512,0.9373043,45,H16
>CY196451,l2,-1,0.34940192,0.936973,45,H16
>CY196459,l2,-1,0.34851417,0.9373035,45,H16
>CY195614,l2,-1,0.348512,0.9373043,45,mixed
>CY196467,l2,-1,0.34851417,0.9373035,45,H16
>CY196475,l2,-1,0.348512,0.9373043,45,H16
>CY196483,l2,-1,0.34754023,0.93766505,45,H16
>CY196491,l2,-1,0.34851417,0.9373035,45,H16
>CY196499,l2,-1,0.34851417,0.9373035,45,H16
>CY196507,l2,-1,0.34851417,0.9373035,45,H16
>CY196515,l2,-1,0.348512,0.9373043,45,H16
>CY196523,l2,-1,0.34851417,0.9373035,45,H16
>CY196531,l2,-1,0.34754023,0.93766505,45,H16
>CY196539,l2,-1,0.34754023,0.93766505,45,H16
>CY196547,l2,-1,0.35258174,0.935781,45,H16
>CY196555,l2,-1,0.35495898,0.93488187,45,H16
>CY196563,l2,-1,0.3428506,0.93939,45,H16
>CY196571,l2,-1,0.34851417,0.9373035,45,H16
>CY196579,l2,-1,0.34285673,0.93938774,45,H16
>CY196587,l2,-1,0.34285673,0.93938774,45,H16
>CY196595,l2,-1,0.348512,0.9373043,45,H16
>CY195628,l2,-1,0.30545548,0.9522064,45,mixed
>CY196603,l2,-1,0.34699756,0.93786603,45,H16
>CY196611,l2,-1,0.30660063,0.9518383,45,H13
>CY195671,l2,-1,0.34274155,0.93942976,45,H16
>CY195679,l2,-1,0.3431192,0.9392919,45,H16
>CY195687,l2,-1,0.33912614,0.940741,45,H16
>CY195695,l2,-1,0.33912614,0.940741,45,H16
>CY195703,l2,-1,0.33918786,0.9407187,45,H16
>CY195711,l2,-1,0.34493414,0.9386269,45,H16
>CY195785,l2,-1,0.34274155,0.93942976,45,H16
>CY196748,l2,-1,0.34274766,0.9394275,45,H16
>CY196756,l2,-1,0.3406944,0.94017404,45,H16
>CY196764,l2,-1,0.34552205,0.9384106,45,H16
>CY196772,l2,-1,0.33913478,0.9407378,45,H16
>CY196780,l2,-1,0.33913478,0.9407378,45,H16
>CY196788,l2,-1,0.33799207,0.94114894,45,H16
>CY196796,l2,-1,0.34552205,0.9384106,45,H16
>CY195793,l2,-1,0.34418714,0.9389011,45,H16
>CY196804,l2,-1,0.32714447,0.9449743,45,H16
>CY196812,l2,-1,0.34508005,0.9385732,45,H16
>CY239288,l2,-1,0.3359114,0.9418936,45,H16
>CY239296,l2,-1,0.3359114,0.9418936,45,H16
>CY213711,l2,-1,0.33973777,0.94052017,45,H16
>CY213719,l2,-1,0.3359114,0.9418936,45,H16
>CY213751,l2,-1,0.33747914,0.941333,45,H16
>CY213759,l2,-1,0.33697802,0.9415125,45,H16
>CY213767,l2,-1,0.3378259,0.9412086,45,H16
>CY206862,l2,-1,0.32662845,0.9451528,45,H16
>CY206870,l2,-1,0.3287382,0.9444211,45,H16
>CY206878,l2,-1,0.33242834,0.94312847,45,H16
>CY206677,l2,-1,0.3246064,0.9458491,45,H16
>CY206886,l2,-1,0.33101112,0.9436269,45,H16
>CY206894,l2,-1,0.3287382,0.9444211,45,H16
>CY206902,l2,-1,0.33267108,0.9430429,45,H16
>CY206910,l2,-1,0.33268398,0.9430384,45,H16
>CY206918,l2,-1,0.32661164,0.94515866,45,H16
>CY206926,l2,-1,0.33273542,0.94302016,45,H16
>CY239304,l2,-1,0.32904494,0.9443143,45,H16
>CY206934,l2,-1,0.334197,0.9425033,45,H16
>CY206942,l2,-1,0.3287382,0.9444211,45,H16
>CY206950,l2,-1,0.3324007,0.9431383,45,H16
>CY206958,l2,-1,0.33273542,0.94302016,45,H16
>CY206966,l2,-1,0.33290005,0.94296205,45,H16
>CY206974,l2,-1,0.33798274,0.9411523,45,H16
>CY206982,l2,-1,0.3324938,0.94310546,45,H16
>CY206990,l2,-1,0.32861665,0.94446343,45,H16
>CY206998,l2,-1,0.33036909,0.9438518,45,H16
>CY207006,l2,-1,0.3307101,0.9437324,45,H16
>CY207014,l2,-1,0.33024058,0.9438967,45,H16
>CY239312,l2,-1,0.3324938,0.94310546,45,H16
>CY213636,l2,-1,0.34758505,0.9376484,45,H13
>CY213535,l2,-1,0.3369718,0.9415148,45,H13
>CY213655,l2,-1,0.31618205,0.9486986,45,H16
>CY213663,l2,-1,0.33913115,0.9407391,45,H13
>CY213671,l2,-1,0.31351054,0.9495848,45,H16
>CY213679,l2,-1,0.3138387,0.9494763,45,H16
>CY213695,l2,-1,0.33134925,0.94350815,48,H13
>CY213703,l2,-1,0.33134925,0.94350815,48,H13
>CY239376,l2,-1,0.34884462,0.9371806,45,H16
>CY239320,l2,-1,0.36928004,0.92931825,45,H16
>CY239328,l2,-1,0.3698828,0.92907846,45,H16
>CY239336,l2,-1,0.36928004,0.92931825,45,H16
>CY239344,l2,-1,0.34523737,0.9385154,45,H16
>CY239352,l2,-1,0.34682325,0.93793046,45,H16
>CY239360,l2,-1,0.3516265,0.93614036,45,H16
>CY239368,l2,-1,0.37024063,0.9289359,45,H16
>CY239384,l2,-1,0.34658137,0.9380199,45,H16
>CY239392,l2,-1,0.35776833,0.9338105,45,H16
>MN210163,l2,-1,0.28772196,0.957714,45,H13
>MN210171,l2,-1,0.2817491,0.9594881,45,H13
>MN210179,l2,-1,0.28050107,0.9598537,45,H13
>MN210187,l2,-1,0.3204399,0.9472688,45,H16
>MN210195,l2,-1,0.29346335,0.95597035,45,H13
>MN210203,l2,-1,0.29346335,0.95597035,45,H13
>MN210211,l2,-1,0.29346335,0.95597035,45,H13
>MN210220,l2,-1,0.29346335,0.95597035,45,H13
>MN210228,l2,-1,0.29346335,0.95597035,45,H13
>MN210236,l2,-1,0.29392722,0.9558279,45,H13
>MN210244,l2,-1,0.32107762,0.94705284,45,H16
>MN210252,l2,-1,0.2916349,0.95652974,45,H13
>CY130493,l2,-1,0.3933855,0.9193737,45,H16
>CY130501,l2,-1,0.38478523,0.9230061,45,H16
>CY130509,l2,-1,0.38478523,0.9230061,45,H16
>CY130517,l2,-1,0.39830217,0.91725427,45,H16
>CY130340,l2,-1,0.2828101,0.95917594,45,H13
>MF146805,l2,-1,0.30549625,0.9521932,45,H16
>CY130086,l2,-1,0.33331788,0.94281447,45,H13
>AB292664,l2,-1,0.32267916,0.9465084,45,H13
>CY014694,l2,-1,0.33705217,0.941486,45,H13
>D90308,l2,-1,0.35031787,0.9366309,45,H13
>CY195655,l2,-1,0.32105798,0.9470595,45,H16
>CY195663,l2,-1,0.35468382,0.9349863,45,H13
>CY195833,l2,-1,0.3332018,0.94285554,45,H16
>CY195841,l2,-1,0.3332018,0.94285554,45,H16
>KF612959,l2,-1,0.3424604,0.9395323,45,H13
>MH501022,l2,-1,0.30322382,0.95291936,45,H16
>MH501038,l2,-1,0.30405462,0.95265454,45,H16
>MH501054,l2,-1,0.33580807,0.9419304,48,H13
>CY130485,l2,-1,0.39685455,0.91788155,45,H16
>CY005933,l2,-1,0.36888883,0.9294735,45,H16
>MK637080,l2,-1,0.35312432,0.9355764,45,H13
>CY136606,l2,-1,0.3619052,0.932215,45,H16
>CY136729,l2,-1,0.361646,0.9323155,45,H16
>JF775470,l2,-1,0.3229739,0.94640785,48,H13
>CY136590,l2,-1,0.36532238,0.93088114,45,H16
>CY144178,l2,-1,0.3959827,0.91825795,45,H16
>MH134728,l2,-1,0.31337813,0.9496284,45,H16
>MH134637,l2,-1,0.31876358,0.94783425,45,H16
>MH134913,l2,-1,0.31876358,0.94783425,45,H16
>MH134615,l2,-1,0.31876358,0.94783425,45,H16
>MH498851,l2,-1,0.29091325,0.9567495,48,H13
>MH499142,l2,-1,0.36780784,0.92990184,45,H13
>MH499186,l2,-1,0.36815223,0.9297656,45,H13
>MH498919,l2,-1,0.36339548,0.93163496,45,H13
>MH499244,l2,-1,0.3645383,0.93118834,45,H13
>MH498862,l2,-1,0.36490715,0.93104386,45,H13
>MH498888,l2,-1,0.36604682,0.9305964,45,H13
>MH498698,l2,-1,0.3563924,0.93433636,45,H13
>MH579147,l2,-1,0.3403891,0.94028467,45,H13
>MT407153,l2,-1,0.37302038,0.9278231,45,H16
>CY136614,l2,-1,0.35717168,0.93403876,45,H16
>CY136630,l2,-1,0.36485025,0.93106633,45,H16
>CY127445,l2,-1,0.40767238,0.91312826,45,H16
>MK637221,l2,-1,0.35526195,0.93476677,45,H13
>MK637291,l2,-1,0.35312432,0.9355764,45,H13
>MK637376,l2,-1,0.3567981,0.9341815,45,H13
>MK637356,l2,-1,0.35312432,0.9355764,45,H13
>MK637038,l2,-1,0.35443497,0.9350807,45,H13
>MK637365,l2,-1,0.35648182,0.9343022,45,H13
>MK637396,l2,-1,0.35312432,0.9355764,45,H13
>MK637116,l2,-1,0.3518968,0.93603885,45,H13
>MK345840,l2,-1,0.3302961,0.94387734,45,H13
>MK345902,l2,-1,0.33462587,0.94235104,45,H16
>MK345859,l2,-1,0.34158966,0.9398492,45,H16
>MH501070,l2,-1,0.33720013,0.941433,45,H16
>MH068359,l2,-1,0.35150322,0.93618673,45,H13
>MH068367,l2,-1,0.35184285,0.93605906,45,H13
>MF694110,l2,-1,0.32750815,0.9448484,45,H16
>CY128958,l2,-1,0.35476053,0.9349572,45,H13
>KT338601,l2,-1,0.3362435,0.941775,45,H16
>KJ907711,l2,-1,0.30008155,0.95391357,45,H13
>JX030406,l2,-1,0.2788552,0.9603331,48,H13
>CY125606,l2,-1,0.39837623,0.91722214,45,H16
>MF147925,l2,-1,0.30831745,0.9512835,48,H13
>MN210308,l2,-1,0.3209366,0.94710064,45,H16
>GQ907310,l2,-1,0.2921472,0.9563734,45,H13
>GQ907318,l2,-1,0.29576424,0.95526093,45,H13
>KT338585,l2,-1,0.3362435,0.941775,45,H16
>MN783529,l2,-1,0.31941846,0.9476138,45,H13
>MK627734,l2,-1,0.37297243,0.92784244,45,H13
>CY195647,l2,-1,0.3575752,0.9338844,45,H13
>CY195801,l2,-1,0.31217048,0.9500261,48,H13
>CY195809,l2,-1,0.31217048,0.9500261,48,H13
>MH764096,l2,-1,0.3403351,0.9403043,48,H13
>MH764104,l2,-1,0.3403351,0.9403043,48,H13
>MH764112,l2,-1,0.33650824,0.9416805,48,H13
>MH764120,l2,-1,0.33865213,0.9409117,48,H13
>MH764128,l2,-1,0.33865213,0.9409117,48,H13
>MH764136,l2,-1,0.33865213,0.9409117,48,H13
>MH764144,l2,-1,0.33865213,0.9409117,48,H13
>MH764152,l2,-1,0.33747658,0.941334,48,H13
>MH764160,l2,-1,0.32406226,0.94603574,45,H13
>MH764168,l2,-1,0.33301792,0.94292045,45,H13
>MH764176,l2,-1,0.33822152,0.9410665,48,H13
>MH764184,l2,-1,0.3403351,0.9403043,48,H13
>MH764192,l2,-1,0.33747658,0.941334,48,H13
>MH764229,l2,-1,0.33218893,0.9432129,45,H13
>MH764245,l2,-1,0.31928408,0.9476591,45,H13
>MH764253,l2,-1,0.33527675,0.9421197,45,H13
>MH579205,l2,-1,0.3232804,0.94630325,47,H13
>MK637241,l2,-1,0.32966372,0.9440984,45,H16
>CY145939,l2,-1,0.3564599,0.93431056,45,H13
>MH501657,l2,-1,0.34090298,0.9400985,45,H13
>MH502494,l2,-1,0.34254837,0.9395002,45,H16
>MH502664,l2,-1,0.35080674,0.9364479,45,H13
>MH733644,l2,-1,0.32890448,0.9443632,45,H16
>KF772956,l2,-1,0.34602562,0.93822503,47,H13
>MH579323,l2,-1,0.3628522,0.93184674,45,H13
>MH578653,l2,-1,0.32576257,0.9454517,47,H13
>MH499147,l2,-1,0.35314205,0.9355697,45,H13
>CY005931,l2,-1,0.3425013,0.9395174,47,H13
>EU030976,l2,-1,0.35675734,0.93419707,45,H16
>CY130110,l2,-1,0.35850677,0.9335271,45,H16
>CY045383,l2,-1,0.36066216,0.9326966,45,H16
>CY043888,l2,-1,0.34434724,0.93884236,47,H13
>CY043896,l2,-1,0.3430227,0.93932706,47,H13
>KJ372720,l2,-1,0.35464573,0.9350007,45,H13
>MH499218,l2,-1,0.2946756,0.9555974,48,H13
>MH498668,l2,-1,0.29579815,0.9552505,48,H13
>MH498656,l2,-1,0.2941478,0.95575994,48,H13
>MH499009,l2,-1,0.30446336,0.9525241,48,H13
>MH499072,l2,-1,0.2946756,0.9555974,48,H13
>MH498671,l2,-1,0.28788576,0.95766485,48,H13
>MF146200,l2,-1,0.28163904,0.9595205,48,H13
>MF147792,l2,-1,0.3172516,0.9483413,48,H13
>CY185497,l2,-1,0.29543757,0.955362,45,H13
>CY185371,l2,-1,0.32894114,0.9443505,45,mixed
>CY185625,l2,-1,0.32656395,0.94517505,48,H13
>CY185601,l2,-1,0.3175207,0.94825137,45,H13
>CY185633,l2,-1,0.3294027,0.94418955,48,H13
>CY185609,l2,-1,0.28488278,0.9585624,45,H13
>CY185673,l2,-1,0.3175793,0.9482317,45,H13
>CY185665,l2,-1,0.3175793,0.9482317,45,H13
>MH499091,,-1,0.002583799,0.008332407,48,H13
>GQ907294,,-1,0.0028493805,0.008447399,45,H16
>GQ907302,,-1,0.0021712624,0.008069921,48,H13
>MH498778,,-1,0.0031887514,0.00810519,45,H13
>MH499127,,-1,0.0025977646,0.008409566,48,H13
>MH498752,,-1,0.0025722708,0.008384127,48,H13
>MH499144,,-1,0.0025863657,0.008387248,48,H13
>MH499019,,-1,0.0025954007,0.008406554,48,H13
>MH498871,,-1,0.002601995,0.008218449,48,H13
>MH499102,,-1,0.0025440191,0.008366696,48,H13
>MH499225,,-1,0.0025303285,0.0083292145,48,H13
>MF682848,,-1,0.00264836,0.008051821,45,H13
>CY138145,,-1,0.002988077,0.008198341,45,H16
>MF146968,,-1,0.0026331416,0.00811093,48,H13
>MF682898,,-1,0.003510226,0.007915269,43,H16
>KX979507,,-1,0.0026850477,0.008270154,48,H13
>KX977814,,-1,0.0023675798,0.00813342,48,H13
>KX978434,,-1,0.0038813965,0.007654269,43,H16
>MF146992,,-1,0.0027066024,0.008270492,48,H13
>KX979327,,-1,0.0025742583,0.008403547,45,H13
>MF682741,,-1,0.0037514763,0.007708957,43,H16
>MF682695,,-1,0.0026816733,0.008303058,48,H13
>KX978155,,-1,0.002416895,0.008171494,48,H13
>MF147689,,-1,0.002698592,0.008281753,48,H13
>KX977721,,-1,0.002725476,0.008162711,48,H13
>KX979051,,-1,0.0025923767,0.008339795,48,H13
>MF694241,,-1,0.0027387005,0.008066285,48,H13
>MF147121,,-1,0.0037123598,0.007768391,43,H16
>KX978985,,-1,0.002648463,0.008275977,48,H13
>KX978252,,-1,0.003795976,0.00785893,43,H16
>MF145970,,-1,0.0027091778,0.008357095,48,H13
>KX977943,,-1,0.0026478807,0.008275362,48,H13
>MF147266,,-1,0.0026604822,0.008324153,48,H13
>KX979504,,-1,0.0026604822,0.008324153,48,H13
>KX979468,,-1,0.0027089347,0.008163111,48,H13
>KX978718,,-1,0.0026176001,0.0082606245,48,H13
>MF146166,,-1,0.002615668,0.008306685,48,H13
>KX978793,,-1,0.002615668,0.008306685,48,H13
>MF147313,,-1,0.0025250139,0.008324469,48,H13
>KX979019,,-1,0.002644479,0.008175967,48,H13
>KX977650,,-1,0.0030198183,0.008320293,45,H16
>MF147513,,-1,0.003939211,0.007631746,43,H16
>MF148049,,-1,0.0026987048,0.008263648,48,H13
>KX977664,,-1,0.0025923767,0.008339795,48,H13
>MF694057,,-1,0.0026899304,0.00811342,48,H13
>KX978037,,-1,0.002615668,0.008306685,48,H13
>MF145899,,-1,0.002615668,0.008306685,48,H13
>KX978433,,-1,0.002615668,0.008306685,48,H13
>KX979591,,-1,0.002615668,0.008306685,48,H13
>KX978183,,-1,0.0026375144,0.008265008,48,H13
>KX978539,,-1,0.0026238745,0.008280607,48,H13
>MF147977,,-1,0.0027066024,0.008270492,48,H13
>MF147208,,-1,0.0027066024,0.008270492,48,H13
>MF146078,,-1,0.0025250139,0.008324469,48,H13
>MF147927,,-1,0.003069076,0.008418014,45,H16
>KX978913,,-1,0.0026111463,0.008042135,45,H13
>MF147771,,-1,0.0027066024,0.008270492,48,H13
>KX978308,,-1,0.0027066024,0.008270492,48,H13
>MF146479,,-1,0.0027778358,0.008146562,48,H13
>MF146534,,-1,0.0027011642,0.008209219,48,H13
>MF147740,,-1,0.0027066024,0.008270492,48,H13
>MF146435,,-1,0.0026771727,0.008298571,48,H13
>KX979088,,-1,0.0027066024,0.008270492,48,H13
>MF147719,,-1,0.0027066024,0.008270492,48,H13
>MF147553,,-1,0.0027214978,0.008273252,48,H13
>MF146833,,-1,0.0027066024,0.008270492,48,H13
>MF148122,,-1,0.0025446718,0.008312576,48,H13
>MF145916,,-1,0.002649661,0.008238074,48,H13
>KX979541,,-1,0.0026289148,0.008067778,45,H13
>KX978398,,-1,0.003917716,0.0077450927,43,H16
>MF146523,,-1,0.0027066024,0.008270492,48,H13
>MF147007,,-1,0.002650746,0.008244701,48,H13
>MF145735,,-1,0.0027066024,0.008270492,48,H13
>MF147558,,-1,0.002648463,0.008275977,48,H13
>KX977630,,-1,0.002648463,0.008275977,48,H13
>MF146431,,-1,0.0027066024,0.008270492,48,H13
>MF146500,,-1,0.002648463,0.008275977,48,H13
>MF147405,,-1,0.0027066024,0.008270492,48,H13
>MF146583,,-1,0.002648463,0.008275977,48,H13
>MF145859,,-1,0.0025250139,0.008324469,48,H13
>KX978997,,-1,0.0030169822,0.008407414,45,H16
>KX977766,,-1,0.0029008186,0.008284607,45,H16
>MF147101,,-1,0.0027066024,0.008270492,48,H13
>MF147981,,-1,0.00266192,0.00832369,48,H13
>MF146410,,-1,0.0030053272,0.008371971,45,H16
>MF147814,,-1,0.0027066024,0.008270492,48,H13
>KX978686,,-1,0.002650456,0.008333087,48,H13
>KX978083,,-1,0.00375684,0.0076137693,43,H16
>MF575214,,-1,0.0039009068,0.0076473686,43,H16
>MF145897,,-1,0.0027066024,0.008270492,48,H13
>MF146531,,-1,0.0026082287,0.008412996,48,H13
>MF146229,,-1,0.0025250139,0.008324469,48,H13
>KX978076,,-1,0.0026266335,0.008086893,45,H13
>MF147189,,-1,0.0027678353,0.008177588,48,H13
>KX979090,,-1,0.00266192,0.00832369,48,H13
>KX978980,,-1,0.0026240256,0.007998383,45,H13
>MF147647,,-1,0.0027076062,0.008273553,48,H13
>MF146608,,-1,0.0031210906,0.008690492,45,H16
>MF146148,,-1,0.0029651166,0.008316186,45,H16
>MF148130,,-1,0.0027066024,0.008270492,48,H13
>KX979063,,-1,0.0025742583,0.008403547,45,H13
>MF147797,,-1,0.0026864232,0.008265588,48,H13
>MF146087,,-1,0.0022745207,0.008112553,48,H13
>KX977772,,-1,0.0026693065,0.008277382,48,H13
>MF694026,,-1,0.0028131916,0.008066661,48,H13
>MF682696,,-1,0.002722183,0.008292128,48,H13
>MF146063,,-1,0.0027287374,0.00824488,48,H13
>MF959992,,-1,0.0037514763,0.007708957,43,H16
>MF147878,,-1,0.0027089398,0.008242125,48,H13
>KX978709,,-1,0.002915118,0.008487996,45,H16
>MF575026,,-1,0.0039009068,0.0076473686,43,H16
>MF145799,,-1,0.0026614808,0.008271012,48,H13
>MF146268,,-1,0.0029893734,0.00840713,45,H16
>KX977887,,-1,0.0027066024,0.008270492,48,H13
>KX978812,,-1,0.0027239611,0.008327759,48,H13
>MF147255,,-1,0.0025166983,0.008315226,48,H13
>MF103719,,-1,0.0037300726,0.0077856495,43,H16
>MF147679,,-1,0.0027066024,0.008270492,48,H13
>MF147919,,-1,0.0027239611,0.008327759,48,H13
>MF147715,,-1,0.0037514763,0.007708957,43,H16
>KX977702,,-1,0.0027066024,0.008270492,48,H13
>KX978026,,-1,0.0027239611,0.008327759,48,H13
>MF147314,,-1,0.0037273834,0.008075164,43,H16
>MF146397,,-1,0.0030441994,0.008447425,45,H16
>MF147342,,-1,0.0026769773,0.008259534,48,H13
>KX978072,,-1,0.0025923767,0.008339795,48,H13
>MF146654,,-1,0.0036982722,0.008011505,43,H16
>KX978876,,-1,0.0026214696,0.0081404485,45,H13
>MF146675,,-1,0.0039282716,0.007635587,43,H16
>MF146953,,-1,0.0026769773,0.008259534,48,H13
>MF146238,,-1,0.0036734852,0.008037045,43,H16
>KX977785,,-1,0.0037820342,0.00765067,43,H16
>MF146920,,-1,0.0038553781,0.0076427776,43,H16
>MF147705,,-1,0.002648463,0.008275977,48,H13
>KX979165,,-1,0.0025671371,0.008247353,48,H13
>MF146193,,-1,0.0036887547,0.0080147665,43,H16
>KX979544,,-1,0.0026266335,0.008086893,45,H13
>KX979432,,-1,0.0038553781,0.0076427776,43,H16
>MF146506,,-1,0.0026844009,0.008281972,48,H13
>KX978504,,-1,0.0026566773,0.008302992,48,H13
>MF682763,,-1,0.0034372492,0.007982822,43,H16
>MF146414,,-1,0.002649661,0.008238074,48,H13
>KX978612,,-1,0.0029853052,0.0083410265,45,H16
>MF146473,,-1,0.0026769773,0.008259534,48,H13
>KX977620,,-1,0.0025923767,0.008339795,48,H13
>MF694124,,-1,0.0033640154,0.0076840553,43,H16
>MF146174,,-1,0.0025053592,0.008329496,48,H13
>MF145738,,-1,0.0039009068,0.0076473686,43,H16
>MF146800,,-1,0.0027066024,0.008270492,48,H13
>MF682757,,-1,0.0026366261,0.008250314,48,H13
>KX979380,,-1,0.0026164982,0.008117088,45,H13
>MF147961,,-1,0.0039009068,0.0076473686,43,H16
>MF147302,,-1,0.002648463,0.008275977,48,H13
>MF575089,,-1,0.0026566773,0.008302992,48,H13
>MF682685,,-1,0.0037273834,0.008075164,43,H16
>MF682661,,-1,0.0025053592,0.008329496,48,H13
>KX979111,,-1,0.0029858786,0.008338351,45,H16
>MF146858,,-1,0.002648463,0.008275977,48,H13
>KX978441,,-1,0.0026566773,0.008302992,48,H13
>MF148040,,-1,0.0036841761,0.008010536,43,H16
>KX978020,,-1,0.0027232717,0.008370635,48,H13
>MF146352,,-1,0.0039009068,0.0076473686,43,H16
>KX979200,,-1,0.0027066024,0.008270492,48,H13
>MF575196,,-1,0.002672046,0.00824675,48,H13
>MF682843,,-1,0.0025558074,0.008294982,48,H13
>MF682838,,-1,0.0036344829,0.00801072,43,H16
>MF682844,,-1,0.00260397,0.00815695,45,H13
>MF147682,,-1,0.0039009068,0.0076473686,43,H16
>MF146167,,-1,0.002648463,0.008275977,48,H13
>MF575309,,-1,0.002642474,0.008360292,48,H13
>KX979094,,-1,0.0037514763,0.007708957,43,H16
>MF147197,,-1,0.002648463,0.008275977,48,H13
>KX978735,,-1,0.0026203073,0.008338062,48,H13
>MF147982,,-1,0.003694933,0.00802628,43,H16
>MF147594,,-1,0.0026850477,0.008270154,48,H13
>MF147122,,-1,0.0027066024,0.008270492,48,H13
>MF575190,,-1,0.0037675267,0.00761651,43,H16
>MF146360,,-1,0.0025250139,0.008324469,48,H13
>KX978043,,-1,0.0027069384,0.008280329,48,H13
>MF146714,,-1,0.0028150706,0.008341174,45,H16
>MF147911,,-1,0.0027066024,0.008270492,48,H13
>MF148148,,-1,0.0027239611,0.008327759,48,H13
>MF148103,,-1,0.0025922733,0.008231498,48,H13
>MF147940,,-1,0.0027066024,0.008270492,48,H13
>MF148072,,-1,0.0025250139,0.008324469,48,H13
>MF147735,,-1,0.0025744634,0.008141394,48,H13
>MF146672,,-1,0.0026595234,0.008259983,48,H13
>KX978929,,-1,0.0025742583,0.008403547,45,H13
>MF146970,,-1,0.0025250139,0.008324469,48,H13
>MF959989,,-1,0.002649661,0.008238074,48,H13
>KX977869,,-1,0.0023409426,0.008214775,48,H13
>MF146383,,-1,0.0026769773,0.008259534,48,H13
>MF693939,,-1,0.003510226,0.007915269,43,H16
>MF146828,,-1,0.003694933,0.00802628,43,H16
>MF147673,,-1,0.0026595234,0.008259983,48,H13
>MF146643,,-1,0.003694933,0.00802628,43,H16
>MF145921,,-1,0.0026595234,0.008259983,48,H13
>MF145764,,-1,0.003694933,0.00802628,43,H16
>KX978470,,-1,0.0026595234,0.008259983,48,H13
>MF147698,,-1,0.0026595234,0.008259983,48,H13
>MF146202,,-1,0.0025439067,0.0082893,48,H13
>MF146594,,-1,0.0026595234,0.008259983,48,H13
>MF146076,,-1,0.003694933,0.00802628,43,H16
>MF146496,,-1,0.0026595234,0.008259983,48,H13
>MF146816,,-1,0.003631234,0.0080231875,43,H16
>MF145843,,-1,0.0026595234,0.008259983,48,H13
>MF146537,,-1,0.003694933,0.00802628,43,H16
>KX978071,,-1,0.0026595234,0.008259983,48,H13
>MF147537,,-1,0.0026595234,0.008259983,48,H13
>MF146211,,-1,0.0026595234,0.008259983,48,H13
>MF682767,,-1,0.003510226,0.007915269,43,H16
>MF145989,,-1,0.0025250139,0.008324469,48,H13
>MF146421,,-1,0.002649661,0.008238074,48,H13
>MF145955,,-1,0.0023402234,0.0082139885,48,H13
>MF146395,,-1,0.0027066024,0.008270492,48,H13
>KX978369,,-1,0.0026403628,0.008348681,48,H13
>MF693921,,-1,0.0033640154,0.0076840553,43,H16
>MK192316,,-1,0.0033576905,0.007827351,43,H16
>MF145888,,-1,0.0036860607,0.008006676,43,H16
>MF146634,,-1,0.0027065086,0.008241846,48,H13
>MF148145,,-1,0.0027065086,0.008241846,48,H13
>KX977670,,-1,0.0027065086,0.008241846,48,H13
>MF146769,,-1,0.0036837042,0.008000556,43,H16
>MF147610,,-1,0.0027065086,0.008241846,48,H13
>MF147728,,-1,0.003694933,0.00802628,43,H16
>MF145811,,-1,0.0027065086,0.008241846,48,H13
>MF147656,,-1,0.0026238745,0.008280607,48,H13
>MF146014,,-1,0.003694933,0.00802628,43,H16
>MF147422,,-1,0.0026238745,0.008280607,48,H13
>MF146085,,-1,0.0036860607,0.008006676,43,H16
>MF147944,,-1,0.0026238745,0.008280607,48,H13
>MF575228,,-1,0.0025854204,0.008391241,48,H13
>MF575118,,-1,0.003694933,0.00802628,43,H16
>MF146043,,-1,0.0026238745,0.008280607,48,H13
>MF147239,,-1,0.003707076,0.008034646,43,H16
>MF147717,,-1,0.0026238745,0.008280607,48,H13
>MF575207,,-1,0.0026291073,0.00839535,45,H13
>MF146566,,-1,0.0025250139,0.008324469,48,H13
>MF147945,,-1,0.0027294178,0.008252506,48,H13
>KX979279,,-1,0.0024123143,0.008148729,48,H13
>MF146111,,-1,0.0038553781,0.0076427776,43,H16
>MF146975,,-1,0.0027066024,0.008270492,48,H13
>MF146245,,-1,0.0026498607,0.008255499,48,H13
>MF694199,,-1,0.0027878378,0.008047336,48,H13
>MF146436,,-1,0.0036860607,0.008006676,43,H16
>MF147750,,-1,0.0026238745,0.008280607,48,H13
>MF682709,,-1,0.003707076,0.008034646,43,H16
>MF147841,,-1,0.0027065086,0.008241846,48,H13
>MF147547,,-1,0.0036653879,0.007972393,43,H16
>MF146710,,-1,0.0026238745,0.008280607,48,H13
>KX979453,,-1,0.0037601588,0.00816917,43,H16
>MF146214,,-1,0.0027065086,0.008241846,48,H13
>MF147491,,-1,0.0026407053,0.008334978,48,H13
>MF147469,,-1,0.0026595234,0.008259983,48,H13
>MF682781,,-1,0.002549907,0.008305317,48,H13
>KX977811,,-1,0.0026595234,0.008259983,48,H13
>MF146391,,-1,0.002549907,0.008305317,48,H13
>MF146872,,-1,0.0027065086,0.008241846,48,H13
>MF146670,,-1,0.0026150553,0.008310487,48,H13
>MF145901,,-1,0.0027065086,0.008241846,48,H13
>MF145978,,-1,0.0025515978,0.00829152,48,H13
>MF146441,,-1,0.0027065086,0.008241846,48,H13
>MF145725,,-1,0.003713731,0.008001111,43,H16
>KX978831,,-1,0.0027065086,0.008241846,48,H13
>KR087564,,-1,0.0025474147,0.008036051,45,H13
>MF147289,,-1,0.0026239275,0.0079840515,45,H13
>MF682666,,-1,0.0024499483,0.008143209,48,H13
>MF575109,,-1,0.0038553781,0.0076427776,43,H16
>MF145876,,-1,0.0027066024,0.008270492,48,H13
>KX977868,,-1,0.0026601814,0.008252078,48,H13
>MF147493,,-1,0.0025923767,0.008339795,48,H13
>MF694207,,-1,0.0027878378,0.008047336,48,H13
>MF146424,,-1,0.002549907,0.008305317,48,H13
>MF146204,,-1,0.0026595234,0.008259983,48,H13
>MF145709,,-1,0.0026238745,0.008280607,48,H13
>KX978101,,-1,0.0026238745,0.008280607,48,H13
>MF682721,,-1,0.0024978372,0.0083661545,48,H13
>MF682880,,-1,0.0025460634,0.008254167,48,H13
>MF147965,,-1,0.0026238745,0.008280607,48,H13
>MF146501,,-1,0.002549907,0.008305317,48,H13
>MF148047,,-1,0.0027065086,0.008241846,48,H13
>MF147192,,-1,0.0036858933,0.007982018,43,H16
>MF147095,,-1,0.0026290494,0.008321195,48,H13
>MF146737,,-1,0.0036858933,0.007982018,43,H16
>KX978834,,-1,0.0026595234,0.008259983,48,H13
>MF146931,,-1,0.0036860607,0.008006676,43,H16
>MF146562,,-1,0.0026238745,0.008280607,48,H13
>MF146836,,-1,0.003694933,0.00802628,43,H16
>MF146693,,-1,0.0026238745,0.008280607,48,H13
>MF147849,,-1,0.0036860607,0.008006676,43,H16
>MF147375,,-1,0.002653241,0.0082453415,48,H13
>MF575016,,-1,0.0025250139,0.008324469,48,H13
>MF147869,,-1,0.0026114746,0.007997081,45,H13
>KX979026,,-1,0.0024125085,0.008307532,48,H13
>MF146964,,-1,0.0026769773,0.008259534,48,H13
>MF147858,,-1,0.0026816733,0.008303058,48,H13
>KX978275,,-1,0.0027239611,0.008327759,48,H13
>MF693954,,-1,0.0027387005,0.008066285,48,H13
>MF146060,,-1,0.0036860607,0.008006676,43,H16
>MF147078,,-1,0.0026130397,0.008285325,48,H13
>KX977730,,-1,0.003778597,0.008116081,43,H16
>KX977728,,-1,0.0025665641,0.008146259,48,H13
>MF146767,,-1,0.003694933,0.00802628,43,H16
>KX979079,,-1,0.002648463,0.008275977,48,H13
>KX979576,,-1,0.0025928786,0.008392846,48,H13
>KX977618,,-1,0.002650059,0.008304578,48,H13
>MF147070,,-1,0.003694933,0.00802628,43,H16
>MF146502,,-1,0.0026780772,0.008290287,48,H13
>MF146577,,-1,0.003694933,0.00802628,43,H16
>KX979040,,-1,0.0026238745,0.008280607,48,H13
>MF145996,,-1,0.00263531,0.008261715,48,H13
>KX979045,,-1,0.0025692948,0.00827161,48,H13
>MF147363,,-1,0.0026002852,0.008312625,48,H13
>KX978218,,-1,0.0026354438,0.008304257,48,H13
>MF148111,,-1,0.0036860607,0.008006676,43,H16
>MF146309,,-1,0.0026375144,0.008265008,48,H13
>KX978340,,-1,0.0025250139,0.008324469,48,H13
>KX978293,,-1,0.0026937898,0.008293686,48,H13
>KX978651,,-1,0.0029075763,0.008191994,45,H16
>MF575308,,-1,0.0027066024,0.008270492,48,H13
>MF146285,,-1,0.0026816733,0.008303058,48,H13
>MF694046,,-1,0.0027387005,0.008066285,48,H13
>MF682647,,-1,0.0026366261,0.008250314,48,H13
>MF147768,,-1,0.0026244288,0.008295963,48,H13
>MF147657,,-1,0.0036860607,0.008006676,43,H16
>MF147484,,-1,0.0026375144,0.008265008,48,H13
>KX978323,,-1,0.0037697507,0.008096532,43,H16
>KX978027,,-1,0.0026375144,0.008265008,48,H13
>MF682816,,-1,0.0025665641,0.008146259,48,H13
>MF146344,,-1,0.0025665641,0.008146259,48,H13
>MF147573,,-1,0.0026375144,0.008265008,48,H13
>MF147559,,-1,0.0026375144,0.008265008,48,H13
>KX979456,,-1,0.0038408393,0.007853818,43,H16
>KX978937,,-1,0.0026375144,0.008265008,48,H13
>KX978955,,-1,0.0038408393,0.007853818,43,H16
>KX978911,,-1,0.0026644373,0.008338847,48,H13
>CY185513,,-1,0.0027628464,0.008442021,48,H13
>CY185569,,-1,0.002566421,0.008133453,45,H13
>CY185529,,-1,0.0026978606,0.008439029,48,H13
>CY185537,,-1,0.0027628464,0.008442021,48,H13
>CY185585,,-1,0.0028252685,0.008168234,45,H16
>CY185553,,-1,0.0027628464,0.008442021,48,H13
>CY185489,,-1,0.0026720169,0.008260443,45,H13
>CY185657,,-1,0.0026855755,0.008533229,48,H13
>CY077000,,-1,0.0022749323,0.0081656445,48,H13
>CY184471,,-1,0.0024310611,0.008119163,48,H13
>CY184488,,-1,0.0024323731,0.008116167,48,H13
>MF461180,,-1,0.0025722485,0.008024921,45,H13
>MF461188,,-1,0.0027661896,0.0082654925,48,H13
>MH201562,,-1,0.0025630866,0.007844959,45,H13
>MH201570,,-1,0.0027929782,0.008289229,48,H13
>MH498730,,-1,0.0026013674,0.008403011,48,H13
>MH499037,,-1,0.0032146971,0.008256797,45,H13
>MH498904,,-1,0.0028239158,0.008413539,45,H16
>CY177441,,-1,0.003016248,0.008271222,45,H16
>MH158642,,-1,0.0027629046,0.008215392,45,H16
>MH894208,,-1,0.0027849341,0.008413295,48,H13
>LC339627,,-1,0.0024964898,0.007838303,45,H13
>AB937721,,-1,0.0029415353,0.00802973,45,H16
>LC339707,,-1,0.003470296,0.007795986,45,H16
>CY195637,,-1,0.0025605,0.007844842,45,mixed
>AB284988,,-1,0.0025544462,0.0080908155,45,H13
>AB285094,,-1,0.0025919885,0.00801424,45,H13
>MK627644,,-1,0.0029235196,0.0081714485,45,H16
>MK696134,,-1,0.0029982023,0.008127374,45,H13
>MH499011,,-1,0.0025812106,0.008426837,48,H13
>MH499177,,-1,0.0025863657,0.008387248,48,H13
>CY176997,,-1,0.0029945525,0.008349888,45,H16
>MH134833,,-1,0.0027629046,0.008215392,45,H16
>MH499208,,-1,0.0025440191,0.008366696,48,H13
>MH498711,,-1,0.0026035407,0.008389524,48,H13
>MH488120,,-1,0.002665115,0.008310521,48,H13
>MH499005,,-1,0.0025217156,0.008377587,48,H13
>MH498759,,-1,0.0025798422,0.008388264,48,H13
>MH499032,,-1,0.0026271006,0.008322681,48,H13
>MH498707,,-1,0.0026013674,0.008403011,48,H13
>MH498866,,-1,0.0026014573,0.008407104,48,H13
>MH499141,,-1,0.0026311786,0.008416842,48,H13
>MH498664,,-1,0.002512363,0.008357467,48,H13
>MH498977,,-1,0.0025440191,0.008366696,48,H13
>MH498985,,-1,0.002512363,0.008357467,48,H13
>MH499049,,-1,0.002507127,0.008357705,48,H13
>MH498694,,-1,0.002489336,0.00841175,48,H13
>MH498660,,-1,0.0025863657,0.008387248,48,H13
>MH498719,,-1,0.002531906,0.008345725,48,H13
>MH499238,,-1,0.0032302544,0.008065404,45,H13
>MH498845,,-1,0.0027066807,0.008294193,48,H13
>MH499112,,-1,0.0026227506,0.008288216,48,H13
>MH498641,,-1,0.0026311786,0.008416842,48,H13
>MH499194,,-1,0.0026014573,0.008407104,48,H13
>MH498654,,-1,0.0031302006,0.008040698,48,H13
>MH499085,,-1,0.002512363,0.008357467,48,H13
>MH134652,,-1,0.0027391277,0.008319927,45,H16
>MH596987,,-1,0.003010813,0.0082948385,45,H13
>CY240828,,-1,0.0028382028,0.008347105,45,H16
>CY240896,,-1,0.0028446333,0.008371636,45,mixed
>CY240948,,-1,0.002833788,0.008424832,45,H16
>CY241634,,-1,0.0028450738,0.008372345,45,H16
>MH346972,,-1,0.00261011,0.008347093,48,H13
>KR010435,,-1,0.0025963716,0.008095834,45,H13
>KX979488,,-1,0.002999453,0.008312031,45,H16
>MF147061,,-1,0.0031334814,0.008612817,45,H16
>MF693968,,-1,0.003122974,0.008394568,45,H16
>MF147450,,-1,0.002873157,0.0083365915,45,H16
>MH134702,,-1,0.0027629046,0.008215392,45,H16
>MH134685,,-1,0.0027683252,0.008224055,45,H16
>MH498978,,-1,0.0025662582,0.00839806,48,H13
>MH499057,,-1,0.0025662582,0.00839806,48,H13
>MH498647,,-1,0.0025863657,0.008387248,48,H13
>MH498793,,-1,0.0026853215,0.008360422,48,H13
>MH498930,,-1,0.002579898,0.008389592,48,H13
>MH499107,,-1,0.002503603,0.008369874,48,H13
>MH499041,,-1,0.0025697611,0.008363613,48,H13
>MH499155,,-1,0.0026928026,0.008325405,48,H13
>MH499132,,-1,0.0026621916,0.008337998,48,H13
>MH499078,,-1,0.0025323024,0.008354819,48,H13
>MH499160,,-1,0.0025799668,0.008455942,48,H13
>CY149340,,-1,0.0031252336,0.008133974,45,H16
>MN210139,,-1,0.002589081,0.008400212,45,H13
>KY131017,,-1,0.002226997,0.008364439,48,H13
>KY131040,,-1,0.0022015362,0.008398236,48,H13
>KY131056,,-1,0.0022378906,0.008393206,48,H13
>KY131072,,-1,0.002182019,0.008420136,48,H13
>KY131080,,-1,0.0021873566,0.008413852,48,H13
>KY131088,,-1,0.0030597453,0.008226334,45,H16
>KY131112,,-1,0.0021952798,0.008404013,48,H13
>KY131120,,-1,0.0021952798,0.008404013,48,H13
>KY131128,,-1,0.0021952798,0.008404013,48,H13
>KY131136,,-1,0.0021873196,0.008367435,48,H13
>KY131144,,-1,0.0022012743,0.0084321555,48,H13
>KT338609,,-1,0.0029538774,0.0082734125,45,H16
>KY131286,,-1,0.0029381565,0.008408328,48,H13
>CY196009,,-1,0.0030778677,0.008157573,45,H16
>CY196403,,-1,0.0029673835,0.008209836,45,H16
>CY196411,,-1,0.0030469464,0.00819458,45,H16
>CY196419,,-1,0.0030469464,0.00819458,45,H16
>CY196427,,-1,0.0030469464,0.00819458,45,H16
>CY196435,,-1,0.0030469464,0.00819458,45,H16
>CY196443,,-1,0.0030469464,0.00819458,45,H16
>CY196451,,-1,0.0030423002,0.008158359,45,H16
>CY196459,,-1,0.0030472716,0.008195395,45,H16
>CY195614,,-1,0.0030469464,0.00819458,45,mixed
>CY196467,,-1,0.0030472716,0.008195395,45,H16
>CY196475,,-1,0.0030469464,0.00819458,45,H16
>CY196483,,-1,0.0030494586,0.008227434,45,H16
>CY196491,,-1,0.0030472716,0.008195395,45,H16
>CY196499,,-1,0.0030472716,0.008195395,45,H16
>CY196507,,-1,0.0030472716,0.008195395,45,H16
>CY196515,,-1,0.0030469464,0.00819458,45,H16
>CY196523,,-1,0.0030472716,0.008195395,45,H16
>CY196531,,-1,0.0030494586,0.008227434,45,H16
>CY196539,,-1,0.0030494586,0.008227434,45,H16
>CY196547,,-1,0.0030761762,0.008164404,45,H16
>CY196555,,-1,0.0030953726,0.008152492,45,H16
>CY196563,,-1,0.0029902274,0.008193024,45,H16
>CY196571,,-1,0.0030472716,0.008195395,45,H16
>CY196579,,-1,0.0029905853,0.00819384,45,H16
>CY196587,,-1,0.0029905853,0.00819384,45,H16
>CY196595,,-1,0.0030469464,0.00819458,45,H16
>CY195628,,-1,0.0025018698,0.0077991416,45,mixed
>CY196603,,-1,0.0030531196,0.008251964,45,H16
>CY196611,,-1,0.0025180785,0.007817326,45,H13
>CY195671,,-1,0.0029748878,0.008153933,45,H16
>CY195679,,-1,0.0029736904,0.00814048,45,H16
>CY195687,,-1,0.002951401,0.008187211,45,H16
>CY195695,,-1,0.002951401,0.008187211,45,H16
>CY195703,,-1,0.0029335725,0.0081360815,45,H16
>CY195711,,-1,0.0029817023,0.008113721,45,H16
>CY195785,,-1,0.0029748878,0.008153933,45,H16
>CY196748,,-1,0.0029752548,0.008154771,45,H16
>CY196756,,-1,0.0029534402,0.0081502395,45,H16
>CY196764,,-1,0.0030081298,0.008169823,45,H16
>CY196772,,-1,0.0029517815,0.008188029,45,H16
>CY196780,,-1,0.0029517815,0.008188029,45,H16
>CY196788,,-1,0.002943666,0.008196705,45,H16
>CY196796,,-1,0.0030081298,0.008169823,45,H16
>CY195793,,-1,0.0029963225,0.008173589,45,H16
>CY196804,,-1,0.0028634882,0.008271315,45,H16
>CY196812,,-1,0.0030294007,0.008239559,45,H16
>CY239288,,-1,0.0029652445,0.008314507,45,H16
>CY239296,,-1,0.0029652445,0.008314507,45,H16
>CY213711,,-1,0.0029986966,0.008301487,45,H16
>CY213719,,-1,0.0029652445,0.008314507,45,H16
>CY213751,,-1,0.002967505,0.008277261,45,H16
>CY213759,,-1,0.002976649,0.008316704,45,H16
>CY213767,,-1,0.0029717605,0.00827953,45,H16
>CY206862,,-1,0.0029168224,0.008440282,45,H16
>CY206870,,-1,0.0029075406,0.008352956,45,H16
>CY206878,,-1,0.002950426,0.008370598,45,H16
>CY206677,,-1,0.0029078855,0.008473077,45,H16
>CY206886,,-1,0.0029063295,0.008285173,45,H16
>CY206894,,-1,0.0029075406,0.008352956,45,H16
>CY206902,,-1,0.0029492683,0.00836045,45,H16
>CY206910,,-1,0.0029496495,0.008361167,45,H16
>CY206918,,-1,0.0029164222,0.008439611,45,H16
>CY206926,,-1,0.002946511,0.008350811,45,H16
>CY239304,,-1,0.002933171,0.0084177805,45,H16
>CY206934,,-1,0.0029591862,0.008345484,45,H16
>CY206942,,-1,0.0029075406,0.008352956,45,H16
>CY206950,,-1,0.002931267,0.008317021,45,H16
>CY206958,,-1,0.002946511,0.008350811,45,H16
>CY206966,,-1,0.0029482036,0.0083509665,45,H16
>CY206974,,-1,0.0029955942,0.008341559,45,H16
>CY206982,,-1,0.0029362543,0.008328548,45,H16
>CY206990,,-1,0.0028821677,0.008283496,45,H16
>CY206998,,-1,0.0029161647,0.008331354,45,H16
>CY207006,,-1,0.0029058806,0.0082923565,45,H16
>CY207014,,-1,0.0029153249,0.008332587,45,H16
>CY239312,,-1,0.0029362543,0.008328548,45,H16
>CY213636,,-1,0.003140061,0.0084706405,45,H13
>CY213535,,-1,0.0030207485,0.008440093,45,H13
>CY213655,,-1,0.0028061208,0.00841969,45,H16
>CY213663,,-1,0.0030390911,0.008430324,45,H13
>CY213671,,-1,0.0027784656,0.008415604,45,H16
>CY213679,,-1,0.0027832827,0.008420416,45,H16
>CY213695,,-1,0.0029904637,0.008515249,48,H13
>CY213703,,-1,0.0029904637,0.008515249,48,H13
>CY239376,,-1,0.003010489,0.008087743,45,H16
>CY239320,,-1,0.0031676402,0.007971564,45,H16
>CY239328,,-1,0.0031581637,0.007932717,45,H16
>CY239336,,-1,0.0031676402,0.007971564,45,H16
>CY239344,,-1,0.0029971593,0.008147651,45,H16
>CY239352,,-1,0.0029375032,0.007944007,45,H16
>CY239360,,-1,0.002992644,0.00796734,45,H16
>CY239368,,-1,0.00316253,0.007934789,45,H16
>CY239384,,-1,0.0029426443,0.007964227,45,H16
>CY239392,,-1,0.0030992592,0.008089353,45,H16
>MN210163,,-1,0.0025252355,0.0084055,45,H13
>MN210171,,-1,0.0024485232,0.00833835,45,H13
>MN210179,,-1,0.002450703,0.008386097,45,H13
>MN210187,,-1,0.0028823917,0.008520765,45,H16
>MN210195,,-1,0.0025557727,0.008325524,45,H13
>MN210203,,-1,0.0025557727,0.008325524,45,H13
>MN210211,,-1,0.0025557727,0.008325524,45,H13
>MN210220,,-1,0.0025557727,0.008325524,45,H13
>MN210228,,-1,0.0025557727,0.008325524,45,H13
>MN210236,,-1,0.0025526045,0.008300841,45,H13
>MN210244,,-1,0.002887577,0.0085171955,45,H16
>MN210252,,-1,0.0025298398,0.008297568,45,H13
>CY130493,,-1,0.0034373202,0.0080332775,45,H16
>CY130501,,-1,0.003359274,0.008058063,45,H16
>CY130509,,-1,0.003359274,0.008058063,45,H16
>CY130517,,-1,0.0034991861,0.008058297,45,H16
>CY130340,,-1,0.0023339984,0.007915946,45,H13
>MF146805,,-1,0.0027045175,0.008429616,45,H16
>CY130086,,-1,0.0027974457,0.007912768,45,H13
>AB292664,,-1,0.002728334,0.00800295,45,H13
>CY014694,,-1,0.0028298611,0.007904616,45,H13
>D90308,,-1,0.0029851915,0.007981369,45,H13
>CY195655,,-1,0.0028594832,0.008434906,45,H16
>CY195663,,-1,0.003053904,0.0080504175,45,H13
>CY195833,,-1,0.0028442645,0.008048347,45,H16
>CY195841,,-1,0.0028442645,0.008048347,45,H16
>KF612959,,-1,0.0029110247,0.007986312,45,H13
>MH501022,,-1,0.0026856065,0.008439836,45,H16
>MH501038,,-1,0.0026705929,0.008367398,45,H16
>MH501054,,-1,0.0029379104,0.008240723,48,H13
>CY130485,,-1,0.0034796076,0.008047938,45,H16
>CY005933,,-1,0.0032457863,0.008178254,45,H16
>MK637080,,-1,0.0030189164,0.007998372,45,H13
>CY136606,,-1,0.0033127824,0.008533229,45,H16
>CY136729,,-1,0.0031636783,0.008155875,45,H16
>JF775470,,-1,0.0028381452,0.0083165765,48,H13
>CY136590,,-1,0.0031626413,0.008058737,45,H16
>CY144178,,-1,0.003542151,0.008214,45,H16
>MH134728,,-1,0.0027374309,0.0082952,45,H16
>MH134637,,-1,0.0027629046,0.008215392,45,H16
>MH134913,,-1,0.0027629046,0.008215392,45,H16
>MH134615,,-1,0.0027629046,0.008215392,45,H16
>MH498851,,-1,0.0025440191,0.008366696,48,H13
>MH499142,,-1,0.0032098077,0.008115106,45,H13
>MH499186,,-1,0.0032330386,0.008164995,45,H13
>MH498919,,-1,0.003194004,0.008188436,45,H13
>MH499244,,-1,0.0032156378,0.008214111,45,H13
>MH498862,,-1,0.003198867,0.008161749,45,H13
>MH498888,,-1,0.0032205002,0.008187424,45,H13
>MH498698,,-1,0.0031064977,0.008144133,45,H13
>MH579147,,-1,0.0029354978,0.008108948,45,H13
>MT407153,,-1,0.0033747335,0.008394039,45,H16
>CY136614,,-1,0.0032841351,0.008588314,45,H16
>CY136630,,-1,0.003211737,0.008196059,45,H16
>CY127445,,-1,0.0035284185,0.007903141,45,H16
>MK637221,,-1,0.0030099242,0.007919706,45,H13
>MK637291,,-1,0.0030189164,0.007998372,45,H13
>MK637376,,-1,0.0030455021,0.0079738265,45,H13
>MK637356,,-1,0.0030189164,0.007998372,45,H13
>MK637038,,-1,0.003021873,0.007972377,45,H13
>MK637365,,-1,0.0030315577,0.007945384,45,H13
>MK637396,,-1,0.0030189164,0.007998372,45,H13
>MK637116,,-1,0.0029972824,0.007972698,45,H13
>MK345840,,-1,0.0028416254,0.008120408,45,H13
>MK345902,,-1,0.002954453,0.008320114,45,H16
>MK345859,,-1,0.003021528,0.008313406,45,H16
>MH501070,,-1,0.0029818935,0.008325159,45,H16
>MH068359,,-1,0.0029897839,0.007962914,45,H13
>MH068367,,-1,0.0029973795,0.007974353,45,H13
>MF694110,,-1,0.0029664056,0.008557942,45,H16
>CY128958,,-1,0.0030626,0.008071344,45,H13
>KT338601,,-1,0.0029538774,0.0082734125,45,H16
>KJ907711,,-1,0.0025919867,0.008239508,45,H13
>JX030406,,-1,0.0024682751,0.008500318,48,H13
>CY125606,,-1,0.0033888938,0.0078025823,45,H16
>MF147925,,-1,0.0026769773,0.008259534,48,H13
>MN210308,,-1,0.0028684444,0.008464911,45,H16
>GQ907310,,-1,0.0024986384,0.008179527,45,H13
>GQ907318,,-1,0.0025149095,0.008122651,45,H13
>KT338585,,-1,0.0029538774,0.0082734125,45,H16
>MN783529,,-1,0.0027677687,0.008211073,45,H13
>MK627734,,-1,0.003220853,0.008012488,45,H13
>CY195647,,-1,0.0030731622,0.008026205,45,H13
>CY195801,,-1,0.0027594408,0.0083977645,48,H13
>CY195809,,-1,0.0027594408,0.0083977645,48,H13
>MH764096,,-1,0.0029127342,0.008047509,48,H13
>MH764104,,-1,0.0029127342,0.008047509,48,H13
>MH764112,,-1,0.0028804585,0.008060621,48,H13
>MH764120,,-1,0.0028878248,0.008023516,48,H13
>MH764128,,-1,0.0028878248,0.008023516,48,H13
>MH764136,,-1,0.0028878248,0.008023516,48,H13
>MH764144,,-1,0.0028878248,0.008023516,48,H13
>MH764152,,-1,0.002891901,0.008066451,48,H13
>MH764160,,-1,0.0027600564,0.008057421,45,H13
>MH764168,,-1,0.0028796264,0.008153476,45,H13
>MH764176,,-1,0.002868239,0.007980558,48,H13
>MH764184,,-1,0.0029127342,0.008047509,48,H13
>MH764192,,-1,0.002891901,0.008066451,48,H13
>MH764229,,-1,0.0028486482,0.008088395,45,H13
>MH764245,,-1,0.0027603367,0.008192863,45,H13
>MH764253,,-1,0.0028820597,0.008098501,45,H13
>MH579205,,-1,0.002866494,0.008390749,47,H13
>MK637241,,-1,0.0029544309,0.008460946,45,H16
>CY145939,,-1,0.0030279816,0.007936568,45,H13
>MH501657,,-1,0.0029566248,0.008153379,45,H13
>MH502494,,-1,0.0029737495,0.008156022,45,H16
>MH502664,,-1,0.002965585,0.007916355,45,H13
>MH733644,,-1,0.0028900658,0.008298048,45,H16
>KF772956,,-1,0.00313741,0.008506856,47,H13
>MH579323,,-1,0.0031704004,0.008141941,45,H13
>MH578653,,-1,0.0028874704,0.008380204,47,H13
>MH499147,,-1,0.0030942615,0.008197528,45,H13
>CY005931,,-1,0.003027711,0.008305318,47,H13
>EU030976,,-1,0.00313728,0.008215197,45,H16
>CY130110,,-1,0.0031305642,0.008151757,45,H16
>CY045383,,-1,0.0031865712,0.008240666,45,H16
>CY043888,,-1,0.0030256421,0.008249216,47,H13
>CY043896,,-1,0.0030200232,0.008269956,47,H13
>KJ372720,,-1,0.0030453813,0.008028933,45,H13
>MH499218,,-1,0.0025863657,0.008387248,48,H13
>MH498668,,-1,0.0026049465,0.008412391,48,H13
>MH498656,,-1,0.0025839875,0.008396002,48,H13
>MH499009,,-1,0.002650023,0.008290663,48,H13
>MH499072,,-1,0.0025863657,0.008387248,48,H13
>MH498671,,-1,0.002512363,0.008357467,48,H13
>MF146200,,-1,0.0024672148,0.008405571,48,H13
>MF147792,,-1,0.0027675477,0.008272844,48,H13
>CY185497,,-1,0.0025149465,0.008132612,45,H13
>CY185371,,-1,0.002796946,0.008029671,45,mixed
>CY185625,,-1,0.0028907422,0.008366662,48,H13
>CY185601,,-1,0.0027157504,0.008110364,45,H13
>CY185633,,-1,0.002917661,0.008363068,48,H13
>CY185609,,-1,0.002392535,0.008050286,45,H13
>CY185673,,-1,0.0027097077,0.0080906525,45,H13
>CY185665,,-1,0.0027097077,0.0080906525,45,H13
